"subj","item","spkr","prec","load","rt_trunc","rt_raw"
"S030","I01","new","break","yes",2267,2267
"S030","I02","old","maintain","no",3856,3856
"S030","I03","old","break","no",1567,1567
"S030","I04","new","maintain","no",1732,1732
"S030","I05","new","break","no",2660,2660
"S030","I06","old","maintain","yes",2763,2763
"S030","I07","old","break","yes",3528,3528
"S030","I08","new","maintain","yes",1741,1741
"S030","I09","new","break","yes",3692,3692
"S030","I10","old","maintain","no",1949,1949
"S030","I11","old","break","no",2189,2189
"S030","I12","new","maintain","no",2207,2207
"S030","I13","new","break","no",2078,2078
"S030","I14","old","maintain","yes",1901,1901
"S030","I15","old","break","yes",4015,4015
"S030","I16","new","maintain","yes",1880,1880
"S030","I17","new","break","yes",1444,1444
"S030","I18","old","maintain","no",1683,1683
"S030","I19","old","break","no",2037,2037
"S030","I20","new","maintain","no",1168,1168
"S030","I21","new","break","no",1930,1930
"S030","I22","old","maintain","yes",1843,1843
"S030","I23","old","break","yes",4969,4969
"S030","I24","new","maintain","yes",1798,1798
"S030","I25","new","break","yes",2436,2436
"S030","I26","old","maintain","no",2018,2018
"S030","I27","old","break","no",2278,2278
"S030","I28","new","maintain","no",1866,1866
"S030","I29","new","break","no",1743,1743
"S030","I30","old","maintain","yes",1963,1963
"S030","I31","old","break","yes",2542,2542
"S030","I32","new","maintain","yes",1460,1460
"S031","I01","new","maintain","no",1126,1126
"S031","I02","new","break","no",2053,2053
"S031","I03","old","maintain","yes",1246,1246
"S031","I04","old","break","yes",4236,4236
"S031","I05","new","maintain","yes",1238,1238
"S031","I06","new","break","yes",2964,2964
"S031","I07","old","maintain","no",1245,1245
"S031","I08","old","break","no",5171,5627
"S031","I09","new","maintain","no",1568,1568
"S031","I10","new","break","no",1028,1028
"S031","I11","old","maintain","yes",1188,1188
"S031","I12","old","break","yes",3529,3529
"S031","I13","new","maintain","yes",1156,1156
"S031","I14","new","break","yes",5171,11234
"S031","I15","old","maintain","no",2753,2753
"S031","I16","old","break","no",2221,2221
"S031","I17","new","maintain","no",1304,1304
"S031","I18","new","break","no",1482,1482
"S031","I19","old","maintain","yes",1616,1616
"S031","I20","old","break","yes",1188,1188
"S031","I21","new","maintain","yes",1209,1209
"S031","I22","new","break","yes",2044,2044
"S031","I23","old","maintain","no",1524,1524
"S031","I24","old","break","no",2979,2979
"S031","I25","new","maintain","no",1254,1254
"S031","I26","new","break","no",3080,3080
"S031","I27","old","maintain","yes",1176,1176
"S031","I28","old","break","yes",1686,1686
"S031","I29","new","maintain","yes",1262,1262
"S031","I30","new","break","yes",1902,1902
"S031","I31","old","maintain","no",1941,1941
"S031","I32","old","break","no",1521,1521
"S034","I01","new","break","yes",2107,2107
"S034","I02","old","maintain","no",4977,4977
"S034","I03","old","break","no",1828,1828
"S034","I04","new","maintain","no",3595,3595
"S034","I05","new","break","no",3001,3001
"S034","I06","old","maintain","yes",3245,3245
"S034","I07","old","break","yes",3249,3249
"S034","I08","new","maintain","yes",1982,1982
"S034","I09","new","break","yes",3051,3051
"S034","I10","old","maintain","no",1709,1709
"S034","I11","old","break","no",3872,3872
"S034","I12","new","maintain","no",2888,2888
"S034","I13","new","break","no",1537,1537
"S034","I14","old","maintain","yes",2542,2542
"S034","I15","old","break","yes",3634,3634
"S034","I16","new","maintain","yes",3142,3142
"S034","I17","new","break","yes",1544,1544
"S034","I18","old","maintain","no",1782,1782
"S034","I19","old","break","no",1657,1657
"S034","I20","new","maintain","no",1429,1429
"S034","I21","new","break","no",2551,2551
"S034","I22","old","maintain","yes",3045,3045
"S034","I23","old","break","yes",2245,2245
"S034","I24","new","maintain","yes",1858,1858
"S034","I25","new","break","yes",2736,2736
"S034","I26","old","maintain","no",2017,2017
"S034","I27","old","break","no",3059,3059
"S034","I28","new","maintain","no",2026,2026
"S034","I29","new","break","no",2043,2043
"S034","I30","old","maintain","yes",3164,3164
"S034","I31","old","break","yes",1881,1881
"S034","I32","new","maintain","yes",1800,1800
"S035","I01","new","maintain","yes",1506,1506
"S035","I02","new","break","yes",1532,1532
"S035","I03","old","maintain","no",1528,1528
"S035","I04","old","break","no",1492,1492
"S035","I05","new","maintain","no",1078,1078
"S035","I06","new","break","no",2283,2283
"S035","I07","old","maintain","yes",2307,2307
"S035","I08","old","break","yes",2702,2702
"S035","I09","new","maintain","yes",1668,1668
"S035","I10","new","break","yes",988,988
"S035","I11","old","maintain","no",1268,1268
"S035","I12","old","break","no",3569,3569
"S035","I13","new","maintain","no",1176,1176
"S035","I14","new","break","no",2702,2702
"S035","I15","old","maintain","yes",1691,1691
"S035","I16","old","break","yes",2381,2381
"S035","I17","new","maintain","yes",1244,1244
"S035","I18","new","break","yes",1862,1862
"S035","I19","old","maintain","no",1216,1216
"S035","I20","old","break","no",1108,1108
"S035","I21","new","maintain","no",1549,1549
"S035","I22","new","break","no",1483,1483
"S035","I23","old","maintain","yes",3547,3547
"S035","I24","old","break","yes",2939,2939
"S035","I25","new","maintain","yes",1535,1535
"S035","I26","new","break","yes",1738,1738
"S035","I27","old","maintain","no",856,856
"S035","I28","old","break","no",3048,3048
"S035","I29","new","maintain","no",1362,1362
"S035","I30","new","break","no",1621,1621
"S035","I31","old","maintain","yes",1941,1941
"S035","I32","old","break","yes",1801,1801
"S036","I01","old","maintain","yes",2087,2087
"S036","I02","old","break","yes",2453,2453
"S036","I03","new","maintain","yes",2148,2148
"S036","I04","new","break","yes",2474,2474
"S036","I05","old","maintain","no",1419,1419
"S036","I06","old","break","no",4626,4626
"S036","I07","new","maintain","no",2127,2127
"S036","I08","new","break","no",2923,2923
"S036","I09","old","maintain","yes",1969,1969
"S036","I10","old","break","yes",3110,3110
"S036","I11","new","maintain","yes",1709,1709
"S036","I12","new","break","yes",3269,3269
"S036","I13","old","maintain","no",1637,1637
"S036","I14","old","break","no",5171,5706
"S036","I15","new","maintain","no",1711,1711
"S036","I16","new","break","no",2822,2822
"S036","I17","old","maintain","yes",2406,2406
"S036","I18","old","break","yes",3084,3084
"S036","I19","new","maintain","yes",2338,2338
"S036","I20","new","break","yes",1849,1849
"S036","I21","old","maintain","no",1409,1409
"S036","I22","old","break","no",5171,6610
"S036","I23","new","maintain","no",2906,2906
"S036","I24","new","break","no",5142,5142
"S036","I25","old","maintain","yes",2596,2596
"S036","I26","old","break","yes",2298,2298
"S036","I27","new","maintain","yes",2398,2398
"S036","I28","new","break","yes",3248,3248
"S036","I29","old","maintain","no",1042,1042
"S036","I30","old","break","no",3504,3504
"S036","I31","new","maintain","no",1921,1921
"S036","I32","new","break","no",2001,2001
"S037","I01","old","break","yes",1726,1726
"S037","I02","new","maintain","yes",2233,2233
"S037","I03","new","break","yes",2588,2588
"S037","I04","old","maintain","no",1171,1171
"S037","I05","old","break","no",2480,2480
"S037","I06","new","maintain","no",1903,1903
"S037","I07","new","break","no",5171,6252
"S037","I08","old","maintain","yes",1581,1581
"S037","I09","old","break","yes",2470,2470
"S037","I10","new","maintain","yes",1889,1889
"S037","I11","new","break","yes",2049,2049
"S037","I12","old","maintain","no",1386,1386
"S037","I13","old","break","no",1757,1757
"S037","I14","new","maintain","no",1801,1801
"S037","I15","new","break","no",1291,1291
"S037","I16","old","maintain","yes",1179,1179
"S037","I17","old","break","yes",1504,1504
"S037","I18","new","maintain","yes",921,921
"S037","I19","new","break","yes",3179,3179
"S037","I20","old","maintain","no",1568,1568
"S037","I21","old","break","no",1870,1870
"S037","I22","new","maintain","no",1222,1222
"S037","I23","new","break","no",2886,2886
"S037","I24","old","maintain","yes",1237,1237
"S037","I25","old","break","yes",1695,1695
"S037","I26","new","maintain","yes",2057,2057
"S037","I27","new","break","yes",2138,2138
"S037","I28","old","maintain","no",2046,2046
"S037","I29","old","break","no",2364,2364
"S037","I30","new","maintain","no",2523,2523
"S037","I31","new","break","no",2262,2262
"S037","I32","old","maintain","yes",1520,1520
"S038","I01","old","maintain","no",2247,2247
"S038","I02","old","break","no",2674,2674
"S038","I03","new","maintain","no",1927,1927
"S038","I04","new","break","no",5171,6960
"S038","I05","old","maintain","yes",1999,1999
"S038","I06","old","break","yes",1923,1923
"S038","I07","new","maintain","yes",2047,2047
"S038","I08","new","break","yes",5171,10634
"S038","I09","old","maintain","no",2069,2069
"S038","I10","old","break","no",1488,1488
"S038","I11","new","maintain","no",1849,1849
"S038","I12","new","break","no",3489,3489
"S038","I13","old","maintain","yes",2478,2478
"S038","I14","old","break","yes",2441,2441
"S038","I15","new","maintain","yes",1271,1271
"S038","I16","new","break","yes",2582,2582
"S038","I17","old","maintain","no",1624,1624
"S038","I18","old","break","no",2283,2283
"S038","I19","new","maintain","no",1797,1797
"S038","I20","new","break","no",1328,1328
"S038","I21","old","maintain","yes",1649,1649
"S038","I22","old","break","yes",2445,2445
"S038","I23","new","maintain","yes",2245,2245
"S038","I24","new","break","yes",2478,2478
"S038","I25","old","maintain","no",1795,1795
"S038","I26","old","break","no",2638,2638
"S038","I27","new","maintain","no",976,976
"S038","I28","new","break","no",2146,2146
"S038","I29","old","maintain","yes",1843,1843
"S038","I30","old","break","yes",3204,3204
"S038","I31","new","maintain","yes",1741,1741
"S038","I32","new","break","yes",1841,1841
"S039","I01","old","break","no",1385,1385
"S039","I02","new","maintain","no",1492,1492
"S039","I03","new","break","no",2168,2168
"S039","I04","old","maintain","yes",951,951
"S039","I05","old","break","yes",2160,2160
"S039","I06","new","maintain","yes",1362,1362
"S039","I07","new","break","yes",4290,4290
"S039","I08","old","maintain","no",860,860
"S039","I09","old","break","no",1869,1869
"S039","I10","new","maintain","no",928,928
"S039","I11","new","break","no",4532,4532
"S039","I12","old","maintain","yes",1847,1847
"S039","I13","old","break","yes",1397,1397
"S039","I14","new","maintain","yes",1460,1460
"S039","I15","new","break","yes",1571,1571
"S039","I16","old","maintain","no",1059,1059
"S039","I17","old","break","no",1204,1204
"S039","I18","new","maintain","no",1101,1101
"S039","I19","new","break","no",1697,1697
"S039","I20","old","maintain","yes",1108,1108
"S039","I21","old","break","yes",1429,1429
"S039","I22","new","maintain","yes",1424,1424
"S039","I23","new","break","yes",1604,1604
"S039","I24","old","maintain","no",936,936
"S039","I25","old","break","no",2416,2416
"S039","I26","new","maintain","no",1216,1216
"S039","I27","new","break","no",1738,1738
"S039","I28","old","maintain","yes",2286,2286
"S039","I29","old","break","yes",3114,3114
"S039","I30","new","maintain","yes",1842,1842
"S039","I31","new","break","yes",1781,1781
"S039","I32","old","maintain","no",1039,1039
"S041","I01","new","break","no",1486,1486
"S041","I02","old","maintain","yes",1492,1492
"S041","I03","old","break","yes",1687,1687
"S041","I04","new","maintain","yes",1171,1171
"S041","I05","new","break","yes",1719,1719
"S041","I06","old","maintain","no",1301,1301
"S041","I07","old","break","no",2427,2427
"S041","I08","new","maintain","no",1181,1181
"S041","I09","new","break","no",1168,1168
"S041","I10","old","maintain","yes",1228,1228
"S041","I11","old","break","yes",1689,1689
"S041","I12","new","maintain","yes",2408,2408
"S041","I13","new","break","yes",3119,3119
"S041","I14","old","maintain","no",1621,1621
"S041","I15","old","break","no",1531,1531
"S041","I16","new","maintain","no",1219,1219
"S041","I17","new","break","no",1644,1644
"S041","I18","old","maintain","yes",1241,1241
"S041","I19","old","break","yes",1977,1977
"S041","I20","new","maintain","yes",1128,1128
"S041","I21","new","break","yes",1369,1369
"S041","I22","old","maintain","no",1333,1333
"S041","I23","old","break","no",1784,1784
"S041","I24","new","maintain","no",1237,1237
"S041","I25","new","break","no",1174,1174
"S041","I26","old","maintain","yes",1737,1737
"S041","I27","old","break","yes",1877,1877
"S041","I28","new","maintain","yes",1245,1245
"S041","I29","new","break","yes",1202,1202
"S041","I30","old","maintain","no",1141,1141
"S041","I31","old","break","no",1120,1120
"S041","I32","new","maintain","no",1140,1140
"S042","I01","new","maintain","no",2748,2748
"S042","I02","new","break","no",3315,3315
"S042","I03","old","maintain","yes",2408,2408
"S042","I04","old","break","yes",3114,3114
"S042","I05","new","maintain","yes",2360,2360
"S042","I06","new","break","yes",3986,3986
"S042","I07","old","maintain","no",2086,2086
"S042","I08","old","break","no",3724,3724
"S042","I09","new","maintain","no",1909,1909
"S042","I10","new","break","no",2169,2169
"S042","I11","old","maintain","yes",1749,1749
"S042","I12","old","break","yes",3850,3850
"S042","I13","new","maintain","yes",2818,2818
"S042","I14","new","break","yes",2983,2983
"S042","I15","old","maintain","no",2112,2112
"S042","I16","old","break","no",3202,3202
"S042","I17","new","maintain","no",1805,1805
"S042","I18","new","break","no",3284,3284
"S042","I19","old","maintain","yes",1917,1917
"S042","I20","old","break","yes",1829,1829
"S042","I21","new","maintain","yes",1810,1810
"S042","I22","new","break","yes",2685,2685
"S042","I23","old","maintain","no",2385,2385
"S042","I24","old","break","no",2659,2659
"S042","I25","new","maintain","no",1815,1815
"S042","I26","new","break","no",3419,3419
"S042","I27","old","maintain","yes",1537,1537
"S042","I28","old","break","yes",2327,2327
"S042","I29","new","maintain","yes",1563,1563
"S042","I30","new","break","yes",4026,4026
"S042","I31","old","maintain","no",2261,2261
"S042","I32","old","break","no",3122,3122
"S043","I01","old","maintain","no",905,905
"S043","I02","old","break","no",2554,2554
"S043","I03","new","maintain","no",4211,4211
"S043","I04","new","break","no",1953,1953
"S043","I05","old","maintain","yes",1940,1940
"S043","I06","old","break","yes",5171,6069
"S043","I07","new","maintain","yes",2667,2667
"S043","I08","new","break","yes",5171,6488
"S043","I09","old","maintain","no",2189,2189
"S043","I10","old","break","no",1769,1769
"S043","I11","new","maintain","no",1248,1248
"S043","I12","new","break","no",2688,2688
"S043","I13","old","maintain","yes",3680,3680
"S043","I14","old","break","yes",5171,6087
"S043","I15","new","maintain","yes",1851,1851
"S043","I16","new","break","yes",5171,5325
"S043","I17","old","maintain","no",1844,1844
"S043","I18","old","break","no",1542,1542
"S043","I19","new","maintain","no",1256,1256
"S043","I20","new","break","no",1568,1568
"S043","I21","old","maintain","yes",1229,1229
"S043","I22","old","break","yes",5148,5148
"S043","I23","new","maintain","yes",3567,3567
"S043","I24","new","break","yes",4481,4481
"S043","I25","old","maintain","no",4059,4059
"S043","I26","old","break","no",3259,3259
"S043","I27","new","maintain","no",1557,1557
"S043","I28","new","break","no",1906,1906
"S043","I29","old","maintain","yes",5171,5508
"S043","I30","old","break","yes",2043,2043
"S043","I31","new","maintain","yes",1561,1561
"S043","I32","new","break","yes",2642,2642
"S044","I01","old","break","yes",1245,1245
"S044","I02","new","maintain","yes",2634,2634
"S044","I03","new","break","yes",2688,2688
"S044","I04","old","maintain","no",1713,1713
"S044","I05","old","break","no",1919,1919
"S044","I06","new","maintain","no",1302,1302
"S044","I07","new","break","no",3368,3368
"S044","I08","old","maintain","yes",1521,1521
"S044","I09","old","break","yes",2569,2569
"S044","I10","new","maintain","yes",947,947
"S044","I11","new","break","yes",1448,1448
"S044","I12","old","maintain","no",2187,2187
"S044","I13","old","break","no",2397,2397
"S044","I14","new","maintain","no",1059,1059
"S044","I15","new","break","no",2873,2873
"S044","I16","old","maintain","yes",1319,1319
"S044","I17","old","break","yes",1965,1965
"S044","I18","new","maintain","yes",1703,1703
"S044","I19","new","break","yes",1356,1356
"S044","I20","old","maintain","no",1509,1509
"S044","I21","old","break","no",1208,1208
"S044","I22","new","maintain","no",1283,1283
"S044","I23","new","break","no",4358,4358
"S044","I24","old","maintain","yes",1577,1577
"S044","I25","old","break","yes",1795,1795
"S044","I26","new","maintain","yes",1257,1257
"S044","I27","new","break","yes",2318,2318
"S044","I28","old","maintain","no",1305,1305
"S044","I29","old","break","no",2884,2884
"S044","I30","new","maintain","no",2383,2383
"S044","I31","new","break","no",2703,2703
"S044","I32","old","maintain","yes",1300,1300
"S045","I01","old","maintain","yes",1987,1987
"S045","I02","old","break","yes",4116,4116
"S045","I03","new","maintain","yes",2408,2408
"S045","I04","new","break","yes",4917,4917
"S045","I05","old","maintain","no",2420,2420
"S045","I06","old","break","no",2824,2824
"S045","I07","new","maintain","no",2046,2046
"S045","I08","new","break","no",2162,2162
"S045","I09","old","maintain","yes",2670,2670
"S045","I10","old","break","yes",2450,2450
"S045","I11","new","maintain","yes",2109,2109
"S045","I12","new","break","yes",3709,3709
"S045","I13","old","maintain","no",3820,3820
"S045","I14","old","break","no",2081,2081
"S045","I15","new","maintain","no",2292,2292
"S045","I16","new","break","no",4644,4644
"S045","I17","old","maintain","yes",3186,3186
"S045","I18","old","break","yes",1502,1502
"S045","I19","new","maintain","yes",1757,1757
"S045","I20","new","break","yes",1528,1528
"S045","I21","old","maintain","no",1549,1549
"S045","I22","old","break","no",1604,1604
"S045","I23","new","maintain","no",2004,2004
"S045","I24","new","break","no",2579,2579
"S045","I25","old","maintain","yes",1695,1695
"S045","I26","old","break","yes",3039,3039
"S045","I27","new","maintain","yes",1837,1837
"S045","I28","new","break","yes",2747,2747
"S045","I29","old","maintain","no",1382,1382
"S045","I30","old","break","no",2563,2563
"S045","I31","new","maintain","no",2442,2442
"S045","I32","new","break","no",2182,2182
"S046","I01","new","maintain","yes",1706,1706
"S046","I02","new","break","yes",2093,2093
"S046","I03","old","maintain","no",1688,1688
"S046","I04","old","break","no",1973,1973
"S046","I05","new","maintain","no",1418,1418
"S046","I06","new","break","no",2404,2404
"S046","I07","old","maintain","yes",1545,1545
"S046","I08","old","break","yes",2041,2041
"S046","I09","new","maintain","yes",1748,1748
"S046","I10","new","break","yes",1228,1228
"S046","I11","old","maintain","no",1508,1508
"S046","I12","old","break","no",3368,3368
"S046","I13","new","maintain","no",1777,1777
"S046","I14","new","break","no",1901,1901
"S046","I15","old","maintain","yes",1391,1391
"S046","I16","old","break","yes",3082,3082
"S046","I17","new","maintain","yes",1484,1484
"S046","I18","new","break","yes",1962,1962
"S046","I19","old","maintain","no",1075,1075
"S046","I20","old","break","no",1328,1328
"S046","I21","new","maintain","no",1409,1409
"S046","I22","new","break","no",1803,1803
"S046","I23","old","maintain","yes",2305,2305
"S046","I24","old","break","yes",3260,3260
"S046","I25","new","maintain","yes",1554,1554
"S046","I26","new","break","yes",1417,1417
"S046","I27","old","maintain","no",1076,1076
"S046","I28","old","break","no",1886,1886
"S046","I29","new","maintain","no",1302,1302
"S046","I30","new","break","no",2864,2864
"S046","I31","old","maintain","yes",1280,1280
"S046","I32","old","break","yes",2041,2041
"S047","I01","old","break","no",1406,1406
"S047","I02","new","maintain","no",1853,1853
"S047","I03","new","break","no",1087,1087
"S047","I04","old","maintain","yes",1752,1752
"S047","I05","old","break","yes",1819,1819
"S047","I06","new","maintain","yes",1402,1402
"S047","I07","new","break","yes",2026,2026
"S047","I08","old","maintain","no",2221,2221
"S047","I09","old","break","no",1348,1348
"S047","I10","new","maintain","no",1929,1929
"S047","I11","new","break","no",1248,1248
"S047","I12","old","maintain","yes",3429,3429
"S047","I13","old","break","yes",1796,1796
"S047","I14","new","maintain","yes",1401,1401
"S047","I15","new","break","yes",1571,1571
"S047","I16","old","maintain","no",3402,3402
"S047","I17","old","break","no",2045,2045
"S047","I18","new","maintain","no",1422,1422
"S047","I19","new","break","no",3039,3039
"S047","I20","old","maintain","yes",1689,1689
"S047","I21","old","break","yes",3832,3832
"S047","I22","new","maintain","yes",1203,1203
"S047","I23","new","break","yes",1524,1524
"S047","I24","old","maintain","no",1136,1136
"S047","I25","old","break","no",2175,2175
"S047","I26","new","maintain","no",1797,1797
"S047","I27","new","break","no",1296,1296
"S047","I28","old","maintain","yes",2527,2527
"S047","I29","old","break","yes",1602,1602
"S047","I30","new","maintain","yes",1882,1882
"S047","I31","new","break","yes",1741,1741
"S047","I32","old","maintain","no",1460,1460
"S048","I01","new","break","no",1246,1246
"S048","I02","old","maintain","yes",2133,2133
"S048","I03","old","break","yes",1647,1647
"S048","I04","new","maintain","yes",1372,1372
"S048","I05","new","break","yes",3281,3281
"S048","I06","old","maintain","no",1322,1322
"S048","I07","old","break","no",5171,5631
"S048","I08","new","maintain","no",1601,1601
"S048","I09","new","break","no",1668,1668
"S048","I10","old","maintain","yes",1628,1628
"S048","I11","old","break","yes",1768,1768
"S048","I12","new","maintain","yes",3428,3428
"S048","I13","new","break","yes",1877,1877
"S048","I14","old","maintain","no",1620,1620
"S048","I15","old","break","no",3515,3515
"S048","I16","new","maintain","no",1239,1239
"S048","I17","new","break","no",1724,1724
"S048","I18","old","maintain","yes",1703,1703
"S048","I19","old","break","yes",2398,2398
"S048","I20","new","maintain","yes",1389,1389
"S048","I21","new","break","yes",1469,1469
"S048","I22","old","maintain","no",1503,1503
"S048","I23","old","break","no",2365,2365
"S048","I24","new","maintain","no",1898,1898
"S048","I25","new","break","no",1615,1615
"S048","I26","old","maintain","yes",1737,1737
"S048","I27","old","break","yes",1497,1497
"S048","I28","new","maintain","yes",2546,2546
"S048","I29","new","break","yes",1423,1423
"S048","I30","old","maintain","no",1802,1802
"S048","I31","old","break","no",2402,2402
"S048","I32","new","maintain","no",1119,1119
"S049","I01","new","maintain","no",1545,1545
"S049","I02","new","break","no",1852,1852
"S049","I03","old","maintain","yes",2468,2468
"S049","I04","old","break","yes",5171,10505
"S049","I05","new","maintain","yes",1339,1339
"S049","I06","new","break","yes",2143,2143
"S049","I07","old","maintain","no",1405,1405
"S049","I08","old","break","no",4886,4886
"S049","I09","new","maintain","no",1608,1608
"S049","I10","new","break","no",1869,1869
"S049","I11","old","maintain","yes",1168,1168
"S049","I12","old","break","yes",4310,4310
"S049","I13","new","maintain","yes",1476,1476
"S049","I14","new","break","yes",5171,12656
"S049","I15","old","maintain","no",2833,2833
"S049","I16","old","break","no",2581,2581
"S049","I17","new","maintain","no",2405,2405
"S049","I18","new","break","no",1483,1483
"S049","I19","old","maintain","yes",1957,1957
"S049","I20","old","break","yes",1949,1949
"S049","I21","new","maintain","yes",1369,1369
"S049","I22","new","break","yes",2925,2925
"S049","I23","old","maintain","no",1383,1383
"S049","I24","old","break","no",2759,2759
"S049","I25","new","maintain","no",2276,2276
"S049","I26","new","break","no",1617,1617
"S049","I27","old","maintain","yes",1457,1457
"S049","I28","old","break","yes",3408,3408
"S049","I29","new","maintain","yes",1162,1162
"S049","I30","new","break","yes",1522,1522
"S049","I31","old","maintain","no",2242,2242
"S049","I32","old","break","no",2121,2121
"S050","I01","new","break","yes",1346,1346
"S050","I02","old","maintain","no",2744,2744
"S050","I03","old","break","no",1687,1687
"S050","I04","new","maintain","no",1953,1953
"S050","I05","new","break","no",1719,1719
"S050","I06","old","maintain","yes",1322,1322
"S050","I07","old","break","yes",3649,3649
"S050","I08","new","maintain","yes",1220,1220
"S050","I09","new","break","yes",3851,3851
"S050","I10","old","maintain","no",1168,1168
"S050","I11","old","break","no",1248,1248
"S050","I12","new","maintain","no",1987,1987
"S050","I13","new","break","no",1857,1857
"S050","I14","old","maintain","yes",2262,2262
"S050","I15","old","break","yes",1772,1772
"S050","I16","new","maintain","yes",3503,3503
"S050","I17","new","break","yes",1264,1264
"S050","I18","old","maintain","no",1562,1562
"S050","I19","old","break","no",2478,2478
"S050","I20","new","maintain","no",1108,1108
"S050","I21","new","break","no",1268,1268
"S050","I22","old","maintain","yes",1583,1583
"S050","I23","old","break","yes",2886,2886
"S050","I24","new","maintain","yes",1316,1316
"S050","I25","new","break","yes",2636,2636
"S050","I26","old","maintain","no",1777,1777
"S050","I27","old","break","no",1677,1677
"S050","I28","new","maintain","no",1565,1565
"S050","I29","new","break","no",1202,1202
"S050","I30","old","maintain","yes",1662,1662
"S050","I31","old","break","yes",2962,2962
"S050","I32","new","maintain","yes",1360,1360
"S051","I01","new","maintain","yes",2147,2147
"S051","I02","new","break","yes",3004,3004
"S051","I03","old","maintain","no",2408,2408
"S051","I04","old","break","no",4596,4596
"S051","I05","new","maintain","no",1779,1779
"S051","I06","new","break","no",2783,2783
"S051","I07","old","maintain","yes",3048,3048
"S051","I08","old","break","yes",2662,2662
"S051","I09","new","maintain","yes",2750,2750
"S051","I10","new","break","yes",1668,1668
"S051","I11","old","maintain","no",2089,2089
"S051","I12","old","break","no",3689,3689
"S051","I13","new","maintain","no",2258,2258
"S051","I14","new","break","no",4084,4084
"S051","I15","old","maintain","yes",2652,2652
"S051","I16","old","break","yes",2501,2501
"S051","I17","new","maintain","yes",2445,2445
"S051","I18","new","break","yes",2824,2824
"S051","I19","old","maintain","no",1857,1857
"S051","I20","old","break","no",1369,1369
"S051","I21","new","maintain","no",1749,1749
"S051","I22","new","break","no",2805,2805
"S051","I23","old","maintain","yes",3046,3046
"S051","I24","old","break","yes",3480,3480
"S051","I25","new","maintain","yes",1995,1995
"S051","I26","new","break","yes",2799,2799
"S051","I27","old","maintain","no",1657,1657
"S051","I28","old","break","no",2106,2106
"S051","I29","new","maintain","no",2705,2705
"S051","I30","new","break","no",3485,3485
"S051","I31","old","maintain","yes",1801,1801
"S051","I32","old","break","yes",2041,2041
"S052","I01","old","maintain","yes",1325,1325
"S052","I02","old","break","yes",4596,4596
"S052","I03","new","maintain","yes",2228,2228
"S052","I04","new","break","yes",3735,3735
"S052","I05","old","maintain","no",1458,1458
"S052","I06","old","break","no",2102,2102
"S052","I07","new","maintain","no",1866,1866
"S052","I08","new","break","no",1981,1981
"S052","I09","old","maintain","yes",2069,2069
"S052","I10","old","break","yes",1588,1588
"S052","I11","new","maintain","yes",1628,1628
"S052","I12","new","break","yes",3228,3228
"S052","I13","old","maintain","no",1477,1477
"S052","I14","old","break","no",4725,4725
"S052","I15","new","maintain","no",1651,1651
"S052","I16","new","break","no",1980,1980
"S052","I17","old","maintain","yes",1484,1484
"S052","I18","old","break","yes",2423,2423
"S052","I19","new","maintain","yes",1556,1556
"S052","I20","new","break","yes",1429,1429
"S052","I21","old","maintain","no",1349,1349
"S052","I22","old","break","no",2264,2264
"S052","I23","new","maintain","no",2686,2686
"S052","I24","new","break","no",2198,2198
"S052","I25","old","maintain","yes",2396,2396
"S052","I26","old","break","yes",1858,1858
"S052","I27","new","maintain","yes",1857,1857
"S052","I28","new","break","yes",2547,2547
"S052","I29","old","maintain","no",1503,1503
"S052","I30","old","break","no",2163,2163
"S052","I31","new","maintain","no",1981,1981
"S052","I32","new","break","no",2522,2522
"S053","I01","old","maintain","no",1525,1525
"S053","I02","old","break","no",5171,5478
"S053","I03","new","maintain","no",3330,3330
"S053","I04","new","break","no",1793,1793
"S053","I05","old","maintain","yes",1679,1679
"S053","I06","old","break","yes",4807,4807
"S053","I07","new","maintain","yes",1366,1366
"S053","I08","new","break","yes",5106,5106
"S053","I09","old","maintain","no",2550,2550
"S053","I10","old","break","no",1308,1308
"S053","I11","new","maintain","no",2250,2250
"S053","I12","new","break","no",3148,3148
"S053","I13","old","maintain","yes",2999,2999
"S053","I14","old","break","yes",5171,8330
"S053","I15","new","maintain","yes",1792,1792
"S053","I16","new","break","yes",4043,4043
"S053","I17","old","maintain","no",2245,2245
"S053","I18","old","break","no",3164,3164
"S053","I19","new","maintain","no",1816,1816
"S053","I20","new","break","no",1649,1649
"S053","I21","old","maintain","yes",1389,1389
"S053","I22","old","break","yes",2204,2204
"S053","I23","new","maintain","yes",3888,3888
"S053","I24","new","break","yes",2899,2899
"S053","I25","old","maintain","no",1915,1915
"S053","I26","old","break","no",3480,3480
"S053","I27","new","maintain","no",2338,2338
"S053","I28","new","break","no",4008,4008
"S053","I29","old","maintain","yes",1803,1803
"S053","I30","old","break","yes",2984,2984
"S053","I31","new","maintain","yes",2102,2102
"S053","I32","new","break","yes",3183,3183
"S054","I01","old","break","no",1826,1826
"S054","I02","new","maintain","no",1552,1552
"S054","I03","new","break","no",1567,1567
"S054","I04","old","maintain","yes",1632,1632
"S054","I05","old","break","yes",2460,2460
"S054","I06","new","maintain","yes",1662,1662
"S054","I07","new","break","yes",3569,3569
"S054","I08","old","maintain","no",1561,1561
"S054","I09","old","break","no",3832,3832
"S054","I10","new","maintain","no",1288,1288
"S054","I11","new","break","no",1348,1348
"S054","I12","old","maintain","yes",3709,3709
"S054","I13","old","break","yes",1577,1577
"S054","I14","new","maintain","yes",1601,1601
"S054","I15","new","break","yes",1471,1471
"S054","I16","old","maintain","no",1680,1680
"S054","I17","old","break","no",1965,1965
"S054","I18","new","maintain","no",1722,1722
"S054","I19","new","break","no",1997,1997
"S054","I20","old","maintain","yes",1488,1488
"S054","I21","old","break","yes",1389,1389
"S054","I22","new","maintain","yes",1303,1303
"S054","I23","new","break","yes",3046,3046
"S054","I24","old","maintain","no",1256,1256
"S054","I25","old","break","no",1715,1715
"S054","I26","new","maintain","no",1757,1757
"S054","I27","new","break","no",1317,1317
"S054","I28","old","maintain","yes",2287,2287
"S054","I29","old","break","yes",1643,1643
"S054","I30","new","maintain","yes",2063,2063
"S054","I31","new","break","yes",1720,1720
"S054","I32","old","maintain","no",1520,1520
"S055","I01","new","break","no",1146,1146
"S055","I02","old","maintain","yes",3395,3395
"S055","I03","old","break","yes",1447,1447
"S055","I04","new","maintain","yes",1613,1613
"S055","I05","new","break","yes",2279,2279
"S055","I06","old","maintain","no",1662,1662
"S055","I07","old","break","no",4850,4850
"S055","I08","new","maintain","no",1421,1421
"S055","I09","new","break","no",2830,2830
"S055","I10","old","maintain","yes",1368,1368
"S055","I11","old","break","yes",2089,2089
"S055","I12","new","maintain","yes",2807,2807
"S055","I13","new","break","yes",2318,2318
"S055","I14","old","maintain","no",1280,1280
"S055","I15","old","break","no",1552,1552
"S055","I16","new","maintain","no",1520,1520
"S055","I17","new","break","no",1424,1424
"S055","I18","old","maintain","yes",1002,1002
"S055","I19","old","break","yes",1757,1757
"S055","I20","new","maintain","yes",1849,1849
"S055","I21","new","break","yes",1369,1369
"S055","I22","old","maintain","no",1123,1123
"S055","I23","old","break","no",2646,2646
"S055","I24","new","maintain","no",1197,1197
"S055","I25","new","break","no",1034,1034
"S055","I26","old","maintain","yes",1297,1297
"S055","I27","old","break","yes",1457,1457
"S055","I28","new","maintain","yes",1465,1465
"S055","I29","new","break","yes",1923,1923
"S055","I30","old","maintain","no",1342,1342
"S055","I31","old","break","no",1100,1100
"S055","I32","new","maintain","no",1240,1240
"S061","I01","new","maintain","no",985,985
"S061","I02","new","break","no",1772,1772
"S061","I03","old","maintain","yes",1888,1888
"S061","I04","old","break","yes",4096,4096
"S061","I05","new","maintain","yes",1198,1198
"S061","I06","new","break","yes",2323,2323
"S061","I07","old","maintain","no",1206,1206
"S061","I08","old","break","no",1381,1381
"S061","I09","new","maintain","no",1108,1108
"S061","I10","new","break","no",1248,1248
"S061","I11","old","maintain","yes",1769,1769
"S061","I12","old","break","yes",5171,6353
"S061","I13","new","maintain","yes",1677,1677
"S061","I14","new","break","yes",2982,2982
"S061","I15","old","maintain","no",1190,1190
"S061","I16","old","break","no",2902,2902
"S061","I17","new","maintain","no",1403,1403
"S061","I18","new","break","no",2864,2864
"S061","I19","old","maintain","yes",1697,1697
"S061","I20","old","break","yes",1047,1047
"S061","I21","new","maintain","yes",1169,1169
"S061","I22","new","break","yes",2124,2124
"S061","I23","old","maintain","no",1845,1845
"S061","I24","old","break","no",2338,2338
"S061","I25","new","maintain","no",1574,1574
"S061","I26","new","break","no",1437,1437
"S061","I27","old","maintain","yes",1617,1617
"S061","I28","old","break","yes",2006,2006
"S061","I29","new","maintain","yes",962,962
"S061","I30","new","break","yes",2423,2423
"S061","I31","old","maintain","no",2342,2342
"S061","I32","old","break","no",2541,2541
"S064","I01","old","break","no",1446,1446
"S064","I02","new","maintain","no",2394,2394
"S064","I03","new","break","no",1988,1988
"S064","I04","old","maintain","yes",1993,1993
"S064","I05","old","break","yes",2981,2981
"S064","I06","new","maintain","yes",1762,1762
"S064","I07","new","break","yes",5171,5792
"S064","I08","old","maintain","no",1280,1280
"S064","I09","old","break","no",1628,1628
"S064","I10","new","maintain","no",1288,1288
"S064","I11","new","break","no",1729,1729
"S064","I12","old","maintain","yes",2908,2908
"S064","I13","old","break","yes",1957,1957
"S064","I14","new","maintain","yes",1740,1740
"S064","I15","new","break","yes",1912,1912
"S064","I16","old","maintain","no",2321,2321
"S064","I17","old","break","no",1243,1243
"S064","I18","new","maintain","no",1241,1241
"S064","I19","new","break","no",1677,1677
"S064","I20","old","maintain","yes",1649,1649
"S064","I21","old","break","yes",1409,1409
"S064","I22","new","maintain","yes",1163,1163
"S064","I23","new","break","yes",2426,2426
"S064","I24","old","maintain","no",1837,1837
"S064","I25","old","break","no",1915,1915
"S064","I26","new","maintain","no",1417,1417
"S064","I27","new","break","no",1777,1777
"S064","I28","old","maintain","yes",2667,2667
"S064","I29","old","break","yes",2764,2764
"S064","I30","new","maintain","yes",1762,1762
"S064","I31","new","break","yes",3944,3944
"S064","I32","old","maintain","no",1080,1080
"S065","I01","old","break","yes",1726,1726
"S065","I02","new","maintain","yes",1292,1292
"S065","I03","new","break","yes",1888,1888
"S065","I04","old","maintain","no",1592,1592
"S065","I05","old","break","no",1659,1659
"S065","I06","new","maintain","no",2544,2544
"S065","I07","new","break","no",4730,4730
"S065","I08","old","maintain","yes",1481,1481
"S065","I09","old","break","yes",2229,2229
"S065","I10","new","maintain","yes",1428,1428
"S065","I11","new","break","yes",2410,2410
"S065","I12","old","maintain","no",2407,2407
"S065","I13","old","break","no",1817,1817
"S065","I14","new","maintain","no",1801,1801
"S065","I15","new","break","no",1832,1832
"S065","I16","old","maintain","yes",1760,1760
"S065","I17","old","break","yes",1344,1344
"S065","I18","new","maintain","yes",2563,2563
"S065","I19","new","break","yes",1777,1777
"S065","I20","old","maintain","no",1208,1208
"S065","I21","old","break","no",1710,1710
"S065","I22","new","maintain","no",1883,1883
"S065","I23","new","break","no",2124,2124
"S065","I24","old","maintain","yes",2278,2278
"S065","I25","old","break","yes",1675,1675
"S065","I26","new","maintain","yes",1637,1637
"S065","I27","new","break","yes",1697,1697
"S065","I28","old","maintain","no",2307,2307
"S065","I29","old","break","no",1443,1443
"S065","I30","new","maintain","no",1702,1702
"S065","I31","new","break","no",2522,2522
"S065","I32","old","maintain","yes",1480,1480
"S066","I01","old","maintain","no",2046,2046
"S066","I02","old","break","no",4356,4356
"S066","I03","new","maintain","no",2147,2147
"S066","I04","new","break","no",2533,2533
"S066","I05","old","maintain","yes",1899,1899
"S066","I06","old","break","yes",4767,4767
"S066","I07","new","maintain","yes",1826,1826
"S066","I08","new","break","yes",5171,5887
"S066","I09","old","maintain","no",4152,4152
"S066","I10","old","break","no",2069,2069
"S066","I11","new","maintain","no",2690,2690
"S066","I12","new","break","no",4710,4710
"S066","I13","old","maintain","yes",2237,2237
"S066","I14","old","break","yes",2782,2782
"S066","I15","new","maintain","yes",1892,1892
"S066","I16","new","break","yes",2622,2622
"S066","I17","old","maintain","no",1965,1965
"S066","I18","old","break","no",2223,2223
"S066","I19","new","maintain","no",1677,1677
"S066","I20","new","break","no",1328,1328
"S066","I21","old","maintain","yes",1569,1569
"S066","I22","old","break","yes",2265,2265
"S066","I23","new","maintain","yes",2666,2666
"S066","I24","new","break","yes",2318,2318
"S066","I25","old","maintain","no",2957,2957
"S066","I26","old","break","no",4461,4461
"S066","I27","new","maintain","no",2038,2038
"S066","I28","new","break","no",2046,2046
"S066","I29","old","maintain","yes",1943,1943
"S066","I30","old","break","yes",5171,5207
"S066","I31","new","maintain","yes",2001,2001
"S066","I32","new","break","yes",1840,1840
"S067","I01","new","break","no",1506,1506
"S067","I02","old","maintain","yes",2954,2954
"S067","I03","old","break","yes",2749,2749
"S067","I04","new","maintain","yes",1813,1813
"S067","I05","new","break","yes",2781,2781
"S067","I06","old","maintain","no",2082,2082
"S067","I07","old","break","no",5171,5191
"S067","I08","new","maintain","no",1301,1301
"S067","I09","new","break","no",3371,3371
"S067","I10","old","maintain","yes",1569,1569
"S067","I11","old","break","yes",2289,2289
"S067","I12","new","maintain","yes",3669,3669
"S067","I13","new","break","yes",1837,1837
"S067","I14","old","maintain","no",2301,2301
"S067","I15","old","break","no",2653,2653
"S067","I16","new","maintain","no",1800,1800
"S067","I17","new","break","no",2366,2366
"S067","I18","old","maintain","yes",1782,1782
"S067","I19","old","break","yes",1957,1957
"S067","I20","new","maintain","yes",1748,1748
"S067","I21","new","break","yes",1649,1649
"S067","I22","old","maintain","no",1102,1102
"S067","I23","old","break","no",3546,3546
"S067","I24","new","maintain","no",1257,1257
"S067","I25","new","break","no",1414,1414
"S067","I26","old","maintain","yes",2238,2238
"S067","I27","old","break","yes",3440,3440
"S067","I28","new","maintain","yes",2026,2026
"S067","I29","new","break","yes",2865,2865
"S067","I30","old","maintain","no",2482,2482
"S067","I31","old","break","no",4565,4565
"S067","I32","new","maintain","no",1159,1159
"S068","I01","new","break","yes",1907,1907
"S068","I02","old","maintain","no",3675,3675
"S068","I03","old","break","no",1607,1607
"S068","I04","new","maintain","no",2033,2033
"S068","I05","new","break","no",2320,2320
"S068","I06","old","maintain","yes",3005,3005
"S068","I07","old","break","yes",5171,5751
"S068","I08","new","maintain","yes",2062,2062
"S068","I09","new","break","yes",3851,3851
"S068","I10","old","maintain","no",1528,1528
"S068","I11","old","break","no",2971,2971
"S068","I12","new","maintain","no",2427,2427
"S068","I13","new","break","no",1877,1877
"S068","I14","old","maintain","yes",2261,2261
"S068","I15","old","break","yes",2593,2593
"S068","I16","new","maintain","yes",2381,2381
"S068","I17","new","break","yes",2926,2926
"S068","I18","old","maintain","no",4026,4026
"S068","I19","old","break","no",3038,3038
"S068","I20","new","maintain","no",1368,1368
"S068","I21","new","break","no",1749,1749
"S068","I22","old","maintain","yes",3146,3146
"S068","I23","old","break","yes",3266,3266
"S068","I24","new","maintain","yes",3961,3961
"S068","I25","new","break","yes",2216,2216
"S068","I26","old","maintain","no",1577,1577
"S068","I27","old","break","no",3260,3260
"S068","I28","new","maintain","no",1566,1566
"S068","I29","new","break","no",1743,1743
"S068","I30","old","maintain","yes",2784,2784
"S068","I31","old","break","yes",3202,3202
"S068","I32","new","maintain","yes",2462,2462
"S069","I01","new","maintain","yes",1446,1446
"S069","I02","new","break","yes",2113,2113
"S069","I03","old","maintain","no",1347,1347
"S069","I04","old","break","no",2313,2313
"S069","I05","new","maintain","no",1378,1378
"S069","I06","new","break","no",3245,3245
"S069","I07","old","maintain","yes",1866,1866
"S069","I08","old","break","yes",2002,2002
"S069","I09","new","maintain","yes",1308,1308
"S069","I10","new","break","yes",988,988
"S069","I11","old","maintain","no",1849,1849
"S069","I12","old","break","no",2868,2868
"S069","I13","new","maintain","no",1096,1096
"S069","I14","new","break","no",2221,2221
"S069","I15","old","maintain","yes",1871,1871
"S069","I16","old","break","yes",2761,2761
"S069","I17","new","maintain","yes",1264,1264
"S069","I18","new","break","yes",1662,1662
"S069","I19","old","maintain","no",1356,1356
"S069","I20","old","break","no",948,948
"S069","I21","new","maintain","no",1129,1129
"S069","I22","new","break","no",1363,1363
"S069","I23","old","maintain","yes",2065,2065
"S069","I24","old","break","yes",1918,1918
"S069","I25","new","maintain","yes",1294,1294
"S069","I26","new","break","yes",2879,2879
"S069","I27","old","maintain","no",1517,1517
"S069","I28","old","break","no",2006,2006
"S069","I29","new","maintain","no",902,902
"S069","I30","new","break","no",2303,2303
"S069","I31","old","maintain","yes",1520,1520
"S069","I32","old","break","yes",1921,1921
"S070","I01","old","maintain","yes",1766,1766
"S070","I02","old","break","yes",2854,2854
"S070","I03","new","maintain","yes",1988,1988
"S070","I04","new","break","yes",3915,3915
"S070","I05","old","maintain","no",1299,1299
"S070","I06","old","break","no",2864,2864
"S070","I07","new","maintain","no",2147,2147
"S070","I08","new","break","no",3363,3363
"S070","I09","old","maintain","yes",2470,2470
"S070","I10","old","break","yes",1308,1308
"S070","I11","new","maintain","yes",1488,1488
"S070","I12","new","break","yes",3810,3810
"S070","I13","old","maintain","no",1717,1717
"S070","I14","old","break","no",2983,2983
"S070","I15","new","maintain","no",2152,2152
"S070","I16","new","break","no",2100,2100
"S070","I17","old","maintain","yes",2446,2446
"S070","I18","old","break","yes",2183,2183
"S070","I19","new","maintain","yes",1235,1235
"S070","I20","new","break","yes",1528,1528
"S070","I21","old","maintain","no",2130,2130
"S070","I22","old","break","no",1583,1583
"S070","I23","new","maintain","no",1664,1664
"S070","I24","new","break","no",2939,2939
"S070","I25","old","maintain","yes",2055,2055
"S070","I26","old","break","yes",3600,3600
"S070","I27","new","maintain","yes",1277,1277
"S070","I28","new","break","yes",2487,2487
"S070","I29","old","maintain","no",1102,1102
"S070","I30","old","break","no",3084,3084
"S070","I31","new","maintain","no",1941,1941
"S070","I32","new","break","no",3604,3604
"S072","I01","old","break","yes",1566,1566
"S072","I02","new","maintain","yes",2713,2713
"S072","I03","new","break","yes",3230,3230
"S072","I04","old","maintain","no",1772,1772
"S072","I05","old","break","no",5171,8349
"S072","I06","new","maintain","no",1882,1882
"S072","I07","new","break","no",2326,2326
"S072","I08","old","maintain","yes",1561,1561
"S072","I09","old","break","yes",3852,3852
"S072","I10","new","maintain","yes",1388,1388
"S072","I11","new","break","yes",2089,2089
"S072","I12","old","maintain","no",2888,2888
"S072","I13","old","break","no",5171,6223
"S072","I14","new","maintain","no",2722,2722
"S072","I15","new","break","no",3194,3194
"S072","I16","old","maintain","yes",2481,2481
"S072","I17","old","break","yes",2605,2605
"S072","I18","new","maintain","yes",1302,1302
"S072","I19","new","break","yes",2257,2257
"S072","I20","old","maintain","no",1909,1909
"S072","I21","old","break","no",1769,1769
"S072","I22","new","maintain","no",1743,1743
"S072","I23","new","break","no",3386,3386
"S072","I24","old","maintain","yes",1197,1197
"S072","I25","old","break","yes",2156,2156
"S072","I26","new","maintain","yes",3660,3660
"S072","I27","new","break","yes",1958,1958
"S072","I28","old","maintain","no",1325,1325
"S072","I29","old","break","no",3125,3125
"S072","I30","new","maintain","no",2103,2103
"S072","I31","new","break","no",3243,3243
"S072","I32","old","maintain","yes",1921,1921
"S073","I01","old","maintain","no",2167,2167
"S073","I02","old","break","no",2454,2454
"S073","I03","new","maintain","no",1347,1347
"S073","I04","new","break","no",1412,1412
"S073","I05","old","maintain","yes",1259,1259
"S073","I06","old","break","yes",2113,2113
"S073","I07","new","maintain","yes",1525,1525
"S073","I08","new","break","yes",2262,2262
"S073","I09","old","maintain","no",1789,1789
"S073","I10","old","break","no",2110,2110
"S073","I11","new","maintain","no",1789,1789
"S073","I12","new","break","no",1627,1627
"S073","I13","old","maintain","yes",1236,1236
"S073","I14","old","break","yes",4404,4404
"S073","I15","new","maintain","yes",1271,1271
"S073","I16","new","break","yes",2021,2021
"S073","I17","old","maintain","no",1484,1484
"S073","I18","old","break","no",1543,1543
"S073","I19","new","maintain","no",1697,1697
"S073","I20","new","break","no",1389,1389
"S073","I21","old","maintain","yes",1289,1289
"S073","I22","old","break","yes",2184,2184
"S073","I23","new","maintain","yes",2205,2205
"S073","I24","new","break","yes",1817,1817
"S073","I25","old","maintain","no",1053,1053
"S073","I26","old","break","no",2479,2479
"S073","I27","new","maintain","no",1597,1597
"S073","I28","new","break","no",1746,1746
"S073","I29","old","maintain","yes",1543,1543
"S073","I30","old","break","yes",5171,5867
"S073","I31","new","maintain","yes",2042,2042
"S073","I32","new","break","yes",1921,1921
"S074","I01","old","break","no",1686,1686
"S074","I02","new","maintain","no",2935,2935
"S074","I03","new","break","no",2328,2328
"S074","I04","old","maintain","yes",1892,1892
"S074","I05","old","break","yes",2480,2480
"S074","I06","new","maintain","yes",1822,1822
"S074","I07","new","break","yes",3289,3289
"S074","I08","old","maintain","no",1841,1841
"S074","I09","old","break","no",5171,5194
"S074","I10","new","maintain","no",1529,1529
"S074","I11","new","break","no",2109,2109
"S074","I12","old","maintain","yes",3128,3128
"S074","I13","old","break","yes",2718,2718
"S074","I14","new","maintain","yes",1881,1881
"S074","I15","new","break","yes",1892,1892
"S074","I16","old","maintain","no",1820,1820
"S074","I17","old","break","no",2506,2506
"S074","I18","new","maintain","no",1983,1983
"S074","I19","new","break","no",2097,2097
"S074","I20","old","maintain","yes",3010,3010
"S074","I21","old","break","yes",1650,1650
"S074","I22","new","maintain","yes",1704,1704
"S074","I23","new","break","yes",2184,2184
"S074","I24","old","maintain","no",1677,1677
"S074","I25","old","break","no",1534,1534
"S074","I26","new","maintain","no",1958,1958
"S074","I27","new","break","no",1497,1497
"S074","I28","old","maintain","yes",1966,1966
"S074","I29","old","break","yes",2184,2184
"S074","I30","new","maintain","yes",2082,2082
"S074","I31","new","break","yes",3744,3744
"S074","I32","old","maintain","no",1560,1560
"S075","I01","new","break","no",1506,1506
"S075","I02","old","maintain","yes",2173,2173
"S075","I03","old","break","yes",1848,1848
"S075","I04","new","maintain","yes",1432,1432
"S075","I05","new","break","yes",3081,3081
"S075","I06","old","maintain","no",1401,1401
"S075","I07","old","break","no",3028,3028
"S075","I08","new","maintain","no",1321,1321
"S075","I09","new","break","no",1388,1388
"S075","I10","old","maintain","yes",1389,1389
"S075","I11","old","break","yes",2529,2529
"S075","I12","new","maintain","yes",2788,2788
"S075","I13","new","break","yes",2217,2217
"S075","I14","old","maintain","no",2341,2341
"S075","I15","old","break","no",2332,2332
"S075","I16","new","maintain","no",1920,1920
"S075","I17","new","break","no",1644,1644
"S075","I18","old","maintain","yes",2003,2003
"S075","I19","old","break","yes",1677,1677
"S075","I20","new","maintain","yes",1308,1308
"S075","I21","new","break","yes",1689,1689
"S075","I22","old","maintain","no",1103,1103
"S075","I23","old","break","no",3007,3007
"S075","I24","new","maintain","no",2078,2078
"S075","I25","new","break","no",1474,1474
"S075","I26","old","maintain","yes",2819,2819
"S075","I27","old","break","yes",1997,1997
"S075","I28","new","maintain","yes",2086,2086
"S075","I29","new","break","yes",1763,1763
"S075","I30","old","maintain","no",2343,2343
"S075","I31","old","break","no",2822,2822
"S075","I32","new","maintain","no",1180,1180
"S076","I01","new","maintain","no",1646,1646
"S076","I02","new","break","no",4196,4196
"S076","I03","old","maintain","yes",1407,1407
"S076","I04","old","break","yes",4437,4437
"S076","I05","new","maintain","yes",1719,1719
"S076","I06","new","break","yes",4106,4106
"S076","I07","old","maintain","no",1446,1446
"S076","I08","old","break","no",2142,2142
"S076","I09","new","maintain","no",1789,1789
"S076","I10","new","break","no",1689,1689
"S076","I11","old","maintain","yes",1027,1027
"S076","I12","old","break","yes",4090,4090
"S076","I13","new","maintain","yes",2017,2017
"S076","I14","new","break","yes",2442,2442
"S076","I15","old","maintain","no",2092,2092
"S076","I16","old","break","no",3563,3563
"S076","I17","new","maintain","no",1183,1183
"S076","I18","new","break","no",1723,1723
"S076","I19","old","maintain","yes",2178,2178
"S076","I20","old","break","yes",1369,1369
"S076","I21","new","maintain","yes",1389,1389
"S076","I22","new","break","yes",1604,1604
"S076","I23","old","maintain","no",2045,2045
"S076","I24","old","break","no",3399,3399
"S076","I25","new","maintain","no",1955,1955
"S076","I26","new","break","no",4421,4421
"S076","I27","old","maintain","yes",1657,1657
"S076","I28","old","break","yes",2266,2266
"S076","I29","new","maintain","yes",1022,1022
"S076","I30","new","break","yes",2302,2302
"S076","I31","old","maintain","no",2181,2181
"S076","I32","old","break","no",2862,2862
"S078","I01","old","maintain","yes",1345,1345
"S078","I02","old","break","yes",2533,2533
"S078","I03","new","maintain","yes",1867,1867
"S078","I04","new","break","yes",2374,2374
"S078","I05","old","maintain","no",1439,1439
"S078","I06","old","break","no",2283,2283
"S078","I07","new","maintain","no",1085,1085
"S078","I08","new","break","no",1421,1421
"S078","I09","old","maintain","yes",1749,1749
"S078","I10","old","break","yes",2089,2089
"S078","I11","new","maintain","yes",1088,1088
"S078","I12","new","break","yes",2387,2387
"S078","I13","old","maintain","no",1337,1337
"S078","I14","old","break","no",3764,3764
"S078","I15","new","maintain","no",1411,1411
"S078","I16","new","break","no",2541,2541
"S078","I17","old","maintain","yes",1183,1183
"S078","I18","old","break","yes",3946,3946
"S078","I19","new","maintain","yes",2018,2018
"S078","I20","new","break","yes",1028,1028
"S078","I21","old","maintain","no",1088,1088
"S078","I22","old","break","no",1884,1884
"S078","I23","new","maintain","no",2606,2606
"S078","I24","new","break","no",1958,1958
"S078","I25","old","maintain","yes",1174,1174
"S078","I26","old","break","yes",2098,2098
"S078","I27","new","maintain","yes",2038,2038
"S078","I28","new","break","yes",2106,2106
"S078","I29","old","maintain","no",882,882
"S078","I30","old","break","no",4185,4185
"S078","I31","new","maintain","no",1260,1260
"S078","I32","new","break","no",3162,3162
"S080","I01","new","break","yes",2167,2167
"S080","I02","old","maintain","no",2053,2053
"S080","I03","old","break","no",3751,3751
"S080","I04","new","maintain","no",1933,1933
"S080","I05","new","break","no",3562,3562
"S080","I06","old","maintain","yes",2383,2383
"S080","I07","old","break","yes",5171,5171
"S080","I08","new","maintain","yes",1802,1802
"S080","I09","new","break","yes",2850,2850
"S080","I10","old","maintain","no",2029,2029
"S080","I11","old","break","no",2069,2069
"S080","I12","new","maintain","no",2808,2808
"S080","I13","new","break","no",1577,1577
"S080","I14","old","maintain","yes",2962,2962
"S080","I15","old","break","yes",2212,2212
"S080","I16","new","maintain","yes",2141,2141
"S080","I17","new","break","yes",1844,1844
"S080","I18","old","maintain","no",2123,2123
"S080","I19","old","break","no",1897,1897
"S080","I20","new","maintain","no",1628,1628
"S080","I21","new","break","no",2330,2330
"S080","I22","old","maintain","yes",2304,2304
"S080","I23","old","break","yes",2906,2906
"S080","I24","new","maintain","yes",1958,1958
"S080","I25","new","break","yes",3117,3117
"S080","I26","old","maintain","no",3059,3059
"S080","I27","old","break","no",2459,2459
"S080","I28","new","maintain","no",1725,1725
"S080","I29","new","break","no",2023,2023
"S080","I30","old","maintain","yes",2322,2322
"S080","I31","old","break","yes",4725,4725
"S080","I32","new","maintain","yes",2081,2081
"S081","I01","new","maintain","yes",2047,2047
"S081","I02","new","break","yes",2433,2433
"S081","I03","old","maintain","no",1668,1668
"S081","I04","old","break","no",2694,2694
"S081","I05","new","maintain","no",1559,1559
"S081","I06","new","break","no",4126,4126
"S081","I07","old","maintain","yes",2467,2467
"S081","I08","old","break","yes",2783,2783
"S081","I09","new","maintain","yes",1929,1929
"S081","I10","new","break","yes",1488,1488
"S081","I11","old","maintain","no",1629,1629
"S081","I12","old","break","no",2488,2488
"S081","I13","new","maintain","no",1597,1597
"S081","I14","new","break","no",2842,2842
"S081","I15","old","maintain","yes",3475,3475
"S081","I16","old","break","yes",2000,2000
"S081","I17","new","maintain","yes",1604,1604
"S081","I18","new","break","yes",2624,2624
"S081","I19","old","maintain","no",1276,1276
"S081","I20","old","break","no",2951,2951
"S081","I21","new","maintain","no",1108,1108
"S081","I22","new","break","no",1363,1363
"S081","I23","old","maintain","yes",3306,3306
"S081","I24","old","break","yes",1497,1497
"S081","I25","new","maintain","yes",2196,2196
"S081","I26","new","break","yes",1958,1958
"S081","I27","old","maintain","no",1236,1236
"S081","I28","old","break","no",1806,1806
"S081","I29","new","maintain","no",1622,1622
"S081","I30","new","break","no",2643,2643
"S081","I31","old","maintain","yes",1601,1601
"S081","I32","old","break","yes",1781,1781
"S082","I01","old","break","yes",1646,1646
"S082","I02","new","maintain","yes",2714,2714
"S082","I03","new","break","yes",1767,1767
"S082","I04","old","maintain","no",2453,2453
"S082","I05","old","break","no",2420,2420
"S082","I06","new","maintain","no",2183,2183
"S082","I07","new","break","no",3668,3668
"S082","I08","old","maintain","yes",2602,2602
"S082","I09","old","break","yes",2991,2991
"S082","I10","new","maintain","yes",1268,1268
"S082","I11","new","break","yes",1829,1829
"S082","I12","old","maintain","no",2127,2127
"S082","I13","old","break","no",2538,2538
"S082","I14","new","maintain","no",1560,1560
"S082","I15","new","break","no",1872,1872
"S082","I16","old","maintain","yes",1760,1760
"S082","I17","old","break","yes",1724,1724
"S082","I18","new","maintain","yes",1743,1743
"S082","I19","new","break","yes",1577,1577
"S082","I20","old","maintain","no",1168,1168
"S082","I21","old","break","no",1709,1709
"S082","I22","new","maintain","no",1624,1624
"S082","I24","old","maintain","yes",1658,1658
"S082","I25","old","break","yes",1735,1735
"S082","I26","new","maintain","yes",1176,1176
"S082","I27","new","break","yes",5042,5042
"S082","I28","old","maintain","no",1366,1366
"S082","I29","old","break","no",1884,1884
"S082","I30","new","maintain","no",2262,2262
"S082","I31","new","break","no",4164,4164
"S082","I32","old","maintain","yes",1160,1160
"S083","I01","old","break","yes",2147,2147
"S083","I02","new","maintain","yes",2333,2333
"S083","I03","new","break","yes",1527,1527
"S083","I04","old","maintain","no",1452,1452
"S083","I05","old","break","no",2340,2340
"S083","I06","new","maintain","no",2463,2463
"S083","I07","new","break","no",4610,4610
"S083","I08","old","maintain","yes",1400,1400
"S083","I09","old","break","yes",5171,5354
"S083","I10","new","maintain","yes",968,968
"S083","I11","new","break","yes",2270,2270
"S083","I12","old","maintain","no",2687,2687
"S083","I13","old","break","no",2297,2297
"S083","I14","new","maintain","no",2682,2682
"S083","I15","new","break","no",1792,1792
"S083","I16","old","maintain","yes",1800,1800
"S083","I17","old","break","yes",2326,2326
"S083","I18","new","maintain","yes",2403,2403
"S083","I19","new","break","yes",1817,1817
"S083","I20","old","maintain","no",1249,1249
"S083","I21","old","break","no",1869,1869
"S083","I22","new","maintain","no",1323,1323
"S083","I23","new","break","no",1684,1684
"S083","I24","old","maintain","yes",1196,1196
"S083","I25","old","break","yes",1674,1674
"S083","I26","new","maintain","yes",2959,2959
"S083","I27","new","break","yes",1197,1197
"S083","I28","old","maintain","no",1425,1425
"S083","I29","old","break","no",1382,1382
"S083","I30","new","maintain","no",2122,2122
"S083","I31","new","break","no",2642,2642
"S083","I32","old","maintain","yes",1721,1721
"S085","I01","old","break","no",1606,1606
"S085","I02","new","maintain","no",3134,3134
"S085","I03","new","break","no",1387,1387
"S085","I04","old","maintain","yes",971,971
"S085","I05","old","break","yes",1598,1598
"S085","I06","new","maintain","yes",1743,1743
"S085","I07","new","break","yes",5171,6153
"S085","I08","old","maintain","no",1761,1761
"S085","I09","old","break","no",2149,2149
"S085","I10","new","maintain","no",1268,1268
"S085","I11","new","break","no",988,988
"S085","I12","old","maintain","yes",1886,1886
"S085","I13","old","break","yes",2057,2057
"S085","I14","new","maintain","yes",1300,1300
"S085","I15","new","break","yes",1371,1371
"S085","I16","old","maintain","no",1439,1439
"S085","I17","old","break","no",1424,1424
"S085","I18","new","maintain","no",1623,1623
"S085","I19","new","break","no",1697,1697
"S085","I20","old","maintain","yes",1769,1769
"S085","I21","old","break","yes",1329,1329
"S085","I22","new","maintain","yes",1263,1263
"S085","I23","new","break","yes",2625,2625
"S085","I24","old","maintain","no",916,916
"S085","I25","old","break","no",1194,1194
"S085","I26","new","maintain","no",956,956
"S085","I27","new","break","no",1356,1356
"S085","I28","old","maintain","yes",1345,1345
"S085","I29","old","break","yes",1903,1903
"S085","I30","new","maintain","yes",2343,2343
"S085","I31","new","break","yes",1540,1540
"S085","I32","old","maintain","no",780,780
"S086","I01","old","maintain","yes",4670,4670
"S086","I02","old","break","yes",3696,3696
"S086","I03","new","maintain","yes",2107,2107
"S086","I04","new","break","yes",2994,2994
"S086","I06","old","break","no",3965,3965
"S086","I07","new","maintain","no",2127,2127
"S086","I08","new","break","no",2322,2322
"S086","I09","old","maintain","yes",2129,2129
"S086","I10","old","break","yes",3792,3792
"S086","I11","new","maintain","yes",1248,1248
"S086","I12","new","break","yes",3108,3108
"S086","I13","old","maintain","no",2177,2177
"S086","I14","old","break","no",3483,3483
"S086","I15","new","maintain","no",5171,5336
"S086","I16","new","break","no",3203,3203
"S086","I17","old","maintain","yes",2545,2545
"S086","I18","old","break","yes",2003,2003
"S086","I19","new","maintain","yes",1457,1457
"S086","I20","new","break","yes",2810,2810
"S086","I21","old","maintain","no",1009,1009
"S086","I22","old","break","no",1443,1443
"S086","I23","new","maintain","no",1945,1945
"S086","I24","new","break","no",3180,3180
"S086","I25","old","maintain","yes",2156,2156
"S086","I26","old","break","yes",4141,4141
"S086","I27","new","maintain","yes",1517,1517
"S086","I28","new","break","yes",3027,3027
"S086","I29","old","maintain","no",1182,1182
"S086","I30","old","break","no",1942,1942
"S086","I31","new","maintain","no",2502,2502
"S086","I32","new","break","no",1821,1821
"S088","I01","old","maintain","no",1666,1666
"S088","I02","old","break","no",2153,2153
"S088","I03","new","maintain","no",1267,1267
"S088","I04","new","break","no",3395,3395
"S088","I05","old","maintain","yes",1258,1258
"S088","I06","old","break","yes",2283,2283
"S088","I07","new","maintain","yes",1666,1666
"S088","I08","new","break","yes",3484,3484
"S088","I09","old","maintain","no",1959,1959
"S088","I10","old","break","no",1388,1388
"S088","I11","new","maintain","no",1388,1388
"S088","I12","new","break","no",2748,2748
"S088","I13","old","maintain","yes",2798,2798
"S088","I14","old","break","yes",2202,2202
"S088","I15","new","maintain","yes",1612,1612
"S088","I16","new","break","yes",1740,1740
"S088","I17","old","maintain","no",1925,1925
"S088","I18","old","break","no",2884,2884
"S088","I19","new","maintain","no",1667,1667
"S088","I20","new","break","no",1789,1789
"S088","I21","old","maintain","yes",1369,1369
"S088","I22","old","break","yes",1543,1543
"S088","I23","new","maintain","yes",2365,2365
"S088","I24","new","break","yes",4982,4982
"S088","I25","old","maintain","no",1674,1674
"S088","I26","old","break","no",2619,2619
"S088","I27","new","maintain","no",1316,1316
"S088","I28","new","break","no",2307,2307
"S088","I29","old","maintain","yes",1623,1623
"S088","I30","old","break","yes",2142,2142
"S088","I31","new","maintain","yes",1901,1901
"S088","I32","new","break","yes",1621,1621
"S089","I01","new","maintain","no",1445,1445
"S089","I02","new","break","no",2394,2394
"S089","I03","old","maintain","yes",2388,2388
"S089","I04","old","break","yes",2513,2513
"S089","I05","new","maintain","yes",1859,1859
"S089","I06","new","break","yes",2383,2383
"S089","I07","old","maintain","no",1686,1686
"S089","I08","old","break","no",3003,3003
"S089","I09","new","maintain","no",3151,3151
"S089","I10","new","break","no",1849,1849
"S089","I11","old","maintain","yes",2049,2049
"S089","I12","old","break","yes",2928,2928
"S089","I13","new","maintain","yes",2138,2138
"S089","I14","new","break","yes",2442,2442
"S089","I15","old","maintain","no",2212,2212
"S089","I16","old","break","no",3943,3943
"S089","I17","new","maintain","no",903,903
"S089","I18","new","break","no",1322,1322
"S089","I19","old","maintain","yes",1877,1877
"S089","I20","old","break","yes",1949,1949
"S089","I21","new","maintain","yes",1349,1349
"S089","I22","new","break","yes",3546,3546
"S089","I23","old","maintain","no",2366,2366
"S089","I24","old","break","no",2799,2799
"S089","I25","new","maintain","no",1635,1635
"S089","I26","new","break","no",2038,2038
"S089","I27","old","maintain","yes",2999,2999
"S089","I28","old","break","yes",2607,2607
"S089","I29","new","maintain","yes",1102,1102
"S089","I30","new","break","yes",2283,2283
"S089","I31","old","maintain","no",1641,1641
"S089","I32","old","break","no",3684,3684
"S091","I01","new","break","yes",1325,1325
"S091","I02","old","maintain","no",2974,2974
"S091","I03","old","break","no",2569,2569
"S091","I04","new","maintain","no",2454,2454
"S091","I05","new","break","no",3101,3101
"S091","I06","old","maintain","yes",1702,1702
"S091","I07","old","break","yes",2828,2828
"S091","I08","new","maintain","yes",1901,1901
"S091","I09","new","break","yes",1949,1949
"S091","I10","old","maintain","no",1929,1929
"S091","I11","old","break","no",3792,3792
"S091","I12","new","maintain","no",2688,2688
"S091","I13","new","break","no",2117,2117
"S091","I14","old","maintain","yes",1480,1480
"S091","I15","old","break","yes",5171,6419
"S091","I16","new","maintain","yes",1800,1800
"S091","I17","new","break","yes",1544,1544
"S091","I18","old","maintain","no",2343,2343
"S091","I19","old","break","no",3239,3239
"S091","I20","new","maintain","no",1549,1549
"S091","I21","new","break","no",3232,3232
"S091","I22","old","maintain","yes",1483,1483
"S091","I23","old","break","yes",2625,2625
"S091","I24","new","maintain","yes",2098,2098
"S091","I25","new","break","yes",2256,2256
"S091","I26","old","maintain","no",2037,2037
"S091","I27","old","break","no",2419,2419
"S091","I28","new","maintain","no",1886,1886
"S091","I29","new","break","no",1722,1722
"S091","I30","old","maintain","yes",2322,2322
"S091","I31","old","break","yes",4865,4865
"S091","I32","new","maintain","yes",1280,1280
"S093","I01","old","break","yes",1987,1987
"S093","I02","new","maintain","yes",2473,2473
"S093","I03","new","break","yes",1908,1908
"S093","I04","old","maintain","no",1312,1312
"S093","I05","old","break","no",1959,1959
"S093","I06","new","maintain","no",1462,1462
"S093","I07","new","break","no",4390,4390
"S093","I08","old","maintain","yes",2222,2222
"S093","I09","old","break","yes",2890,2890
"S093","I10","new","maintain","yes",2090,2090
"S093","I11","new","break","yes",2490,2490
"S093","I12","old","maintain","no",2327,2327
"S093","I13","old","break","no",1537,1537
"S093","I14","new","maintain","no",1279,1279
"S093","I15","new","break","no",1711,1711
"S093","I16","old","maintain","yes",1540,1540
"S093","I17","old","break","yes",1484,1484
"S093","I18","new","maintain","yes",2003,2003
"S093","I19","new","break","yes",2278,2278
"S093","I20","old","maintain","no",1168,1168
"S093","I21","old","break","no",1208,1208
"S093","I22","new","maintain","no",1203,1203
"S093","I23","new","break","no",2785,2785
"S093","I24","old","maintain","yes",1617,1617
"S093","I25","old","break","yes",1434,1434
"S093","I26","new","maintain","yes",1157,1157
"S093","I27","new","break","yes",2258,2258
"S093","I28","old","maintain","no",1645,1645
"S093","I29","old","break","no",922,922
"S093","I30","new","maintain","no",1622,1622
"S093","I31","new","break","no",3723,3723
"S093","I32","old","maintain","yes",1541,1541
"S094","I01","new","break","no",1386,1386
"S094","I02","old","maintain","yes",3235,3235
"S094","I03","old","break","yes",1427,1427
"S094","I04","new","maintain","yes",1723,1723
"S094","I05","new","break","yes",1819,1819
"S094","I06","old","maintain","no",2123,2123
"S094","I07","old","break","no",4150,4150
"S094","I08","new","maintain","no",1761,1761
"S094","I09","new","break","no",2069,2069
"S094","I10","old","maintain","yes",2049,2049
"S094","I11","old","break","yes",1909,1909
"S094","I12","new","maintain","yes",1947,1947
"S094","I13","new","break","yes",2178,2178
"S094","I14","old","maintain","no",1199,1199
"S094","I15","old","break","no",2092,2092
"S094","I16","new","maintain","no",1480,1480
"S094","I17","new","break","no",2465,2465
"S094","I18","old","maintain","yes",2423,2423
"S094","I19","old","break","yes",1517,1517
"S094","I20","new","maintain","yes",1809,1809
"S094","I21","new","break","yes",2751,2751
"S094","I22","old","maintain","no",1002,1002
"S094","I23","old","break","no",3206,3206
"S094","I24","new","maintain","no",1157,1157
"S094","I25","new","break","no",1154,1154
"S094","I26","old","maintain","yes",4020,4020
"S094","I27","old","break","yes",2219,2219
"S094","I28","new","maintain","yes",1265,1265
"S094","I29","new","break","yes",1543,1543
"S094","I30","old","maintain","no",1722,1722
"S094","I31","old","break","no",3163,3163
"S094","I32","new","maintain","no",1320,1320
"S095","I01","new","break","no",1185,1185
"S095","I02","old","maintain","yes",1673,1673
"S095","I03","old","break","yes",1768,1768
"S095","I04","new","maintain","yes",1493,1493
"S095","I05","new","break","yes",1478,1478
"S095","I06","old","maintain","no",1502,1502
"S095","I07","old","break","no",2767,2767
"S095","I08","new","maintain","no",1721,1721
"S095","I09","new","break","no",5171,5294
"S095","I10","old","maintain","yes",868,868
"S095","I11","old","break","yes",2580,2580
"S095","I12","new","maintain","yes",2608,2608
"S095","I13","new","break","yes",1897,1897
"S095","I14","old","maintain","no",1320,1320
"S095","I15","old","break","no",1291,1291
"S095","I16","new","maintain","no",1820,1820
"S095","I17","new","break","no",1544,1544
"S095","I18","old","maintain","yes",1842,1842
"S095","I19","old","break","yes",2477,2477
"S095","I20","new","maintain","yes",1188,1188
"S095","I21","new","break","yes",1589,1589
"S095","I22","old","maintain","no",1222,1222
"S095","I23","old","break","no",2626,2626
"S095","I24","new","maintain","no",1217,1217
"S095","I25","new","break","no",1475,1475
"S095","I26","old","maintain","yes",1397,1397
"S095","I27","old","break","yes",2358,2358
"S095","I28","new","maintain","yes",1124,1124
"S095","I29","new","break","yes",2124,2124
"S095","I30","old","maintain","no",1341,1341
"S095","I31","old","break","no",1781,1781
"S095","I32","new","maintain","no",2081,2081
"S096","I01","new","maintain","yes",2427,2427
"S096","I02","new","break","yes",2013,2013
"S096","I03","old","maintain","no",1227,1227
"S096","I04","old","break","no",2955,2955
"S096","I05","new","maintain","no",1459,1459
"S096","I06","new","break","no",3284,3284
"S096","I07","old","maintain","yes",1906,1906
"S096","I08","old","break","yes",5171,6488
"S096","I09","new","maintain","yes",4232,4232
"S096","I10","new","break","yes",907,907
"S096","I11","old","maintain","no",1709,1709
"S096","I12","old","break","no",4210,4210
"S096","I13","new","maintain","no",2298,2298
"S096","I14","new","break","no",5171,5987
"S096","I15","old","maintain","yes",2292,2292
"S096","I16","old","break","yes",2160,2160
"S096","I17","new","maintain","yes",1945,1945
"S096","I18","new","break","yes",2503,2503
"S096","I19","old","maintain","no",1266,1266
"S096","I20","old","break","no",1268,1268
"S096","I21","new","maintain","no",2190,2190
"S096","I22","new","break","no",2084,2084
"S096","I23","old","maintain","yes",1524,1524
"S096","I24","old","break","yes",5171,7365
"S096","I25","new","maintain","yes",1194,1194
"S096","I26","new","break","yes",4181,4181
"S096","I27","old","maintain","no",1076,1076
"S096","I28","old","break","no",2207,2207
"S096","I29","new","maintain","no",1242,1242
"S096","I30","new","break","no",2463,2463
"S096","I31","old","maintain","yes",1640,1640
"S096","I32","old","break","yes",2602,2602
"S097","I01","new","maintain","no",2227,2227
"S097","I02","new","break","no",3535,3535
"S097","I03","old","maintain","yes",1687,1687
"S097","I04","old","break","yes",1572,1572
"S097","I05","new","maintain","yes",1428,1428
"S097","I06","new","break","yes",2123,2123
"S097","I07","old","maintain","no",1486,1486
"S097","I08","old","break","no",2482,2482
"S097","I09","new","maintain","no",1369,1369
"S097","I10","new","break","no",1629,1629
"S097","I11","old","maintain","yes",1067,1067
"S097","I12","old","break","yes",5171,5251
"S097","I13","new","maintain","yes",2418,2418
"S097","I14","new","break","yes",2101,2101
"S097","I15","old","maintain","no",1531,1531
"S097","I16","old","break","no",5171,5586
"S097","I17","new","maintain","no",1203,1203
"S097","I18","new","break","no",1182,1182
"S097","I19","old","maintain","yes",2097,2097
"S097","I20","old","break","yes",1389,1389
"S097","I21","new","maintain","yes",1369,1369
"S097","I22","new","break","yes",2064,2064
"S097","I23","old","maintain","no",1123,1123
"S097","I24","old","break","no",1697,1697
"S097","I25","new","maintain","no",1254,1254
"S097","I26","new","break","no",1998,1998
"S097","I27","old","maintain","yes",1376,1376
"S097","I28","old","break","yes",2266,2266
"S097","I29","new","maintain","yes",1002,1002
"S097","I30","new","break","yes",2704,2704
"S097","I31","old","maintain","no",2482,2482
"S097","I32","old","break","no",1541,1541
"S098","I01","old","maintain","no",2307,2307
"S098","I02","old","break","no",3775,3775
"S098","I03","new","maintain","no",2208,2208
"S098","I04","new","break","no",1852,1852
"S098","I05","old","maintain","yes",3181,3181
"S098","I06","old","break","yes",4025,4025
"S098","I07","new","maintain","yes",2587,2587
"S098","I08","new","break","yes",3443,3443
"S098","I09","old","maintain","no",1989,1989
"S098","I10","old","break","no",1549,1549
"S098","I11","new","maintain","no",2109,2109
"S098","I12","new","break","no",2968,2968
"S098","I13","old","maintain","yes",4781,4781
"S098","I14","old","break","yes",3423,3423
"S098","I15","new","maintain","yes",2933,2933
"S098","I16","new","break","yes",2782,2782
"S098","I17","old","maintain","no",2005,2005
"S098","I18","old","break","no",2123,2123
"S098","I19","new","maintain","no",2037,2037
"S098","I20","new","break","no",3211,3211
"S098","I21","old","maintain","yes",1709,1709
"S098","I22","old","break","yes",3967,3967
"S098","I23","new","maintain","yes",2886,2886
"S098","I24","new","break","yes",5171,5683
"S098","I25","old","maintain","no",2276,2276
"S098","I26","old","break","no",4902,4902
"S098","I27","new","maintain","no",1837,1837
"S098","I28","new","break","no",2707,2707
"S098","I29","old","maintain","yes",2063,2063
"S098","I30","old","break","yes",2783,2783
"S098","I31","new","maintain","yes",2281,2281
"S098","I32","new","break","yes",2642,2642
"S100","I01","new","break","yes",1405,1405
"S100","I02","old","maintain","no",1953,1953
"S100","I03","old","break","no",1668,1668
"S100","I04","new","maintain","no",1232,1232
"S100","I05","new","break","no",2801,2801
"S100","I06","old","maintain","yes",1442,1442
"S100","I07","old","break","yes",5171,13063
"S100","I08","new","maintain","yes",1420,1420
"S100","I09","new","break","yes",3231,3231
"S100","I10","old","maintain","no",1428,1428
"S100","I11","old","break","no",2389,2389
"S100","I12","new","maintain","no",1786,1786
"S100","I13","new","break","no",2498,2498
"S100","I14","old","maintain","yes",1820,1820
"S100","I15","old","break","yes",2192,2192
"S100","I16","new","maintain","yes",1439,1439
"S100","I17","new","break","yes",1624,1624
"S100","I18","old","maintain","no",2344,2344
"S100","I19","old","break","no",1417,1417
"S100","I20","new","maintain","no",2129,2129
"S100","I21","new","break","no",1509,1509
"S100","I22","old","maintain","yes",1302,1302
"S100","I23","old","break","yes",2525,2525
"S100","I24","new","maintain","yes",1617,1617
"S100","I25","new","break","yes",1995,1995
"S100","I26","old","maintain","no",1918,1918
"S100","I27","old","break","no",1757,1757
"S100","I28","new","maintain","no",1265,1265
"S100","I29","new","break","no",2544,2544
"S100","I30","old","maintain","yes",2763,2763
"S100","I31","old","break","yes",1480,1480
"S100","I32","new","maintain","yes",1020,1020
"S101","I01","old","maintain","yes",1726,1726
"S101","I02","old","break","yes",4977,4977
"S101","I03","new","maintain","yes",2970,2970
"S101","I04","new","break","yes",3896,3896
"S101","I05","old","maintain","no",1439,1439
"S101","I06","old","break","no",2404,2404
"S101","I07","new","maintain","no",1947,1947
"S101","I08","new","break","no",3023,3023
"S101","I09","old","maintain","yes",2830,2830
"S101","I10","old","break","yes",2871,2871
"S101","I11","new","maintain","yes",1709,1709
"S101","I12","new","break","yes",5171,5291
"S101","I13","old","maintain","no",1757,1757
"S101","I14","old","break","no",5171,5546
"S101","I15","new","maintain","no",1391,1391
"S101","I16","new","break","no",3743,3743
"S101","I17","old","maintain","yes",4148,4148
"S101","I18","old","break","yes",5171,15923
"S101","I19","new","maintain","yes",2698,2698
"S101","I20","new","break","yes",3351,3351
"S101","I21","old","maintain","no",4394,4394
"S101","I22","old","break","no",2845,2845
"S101","I23","new","maintain","no",3186,3186
"S101","I24","new","break","no",5171,11491
"S101","I25","old","maintain","yes",1995,1995
"S101","I26","old","break","yes",3100,3100
"S101","I27","new","maintain","yes",1557,1557
"S101","I28","new","break","yes",3388,3388
"S101","I29","old","maintain","no",1302,1302
"S101","I30","old","break","no",3845,3845
"S101","I31","new","maintain","no",2501,2501
"S101","I32","new","break","no",2101,2101
"S102","I01","old","break","no",1525,1525
"S102","I02","new","maintain","no",1633,1633
"S102","I03","new","break","no",1367,1367
"S102","I04","old","maintain","yes",1332,1332
"S102","I05","old","break","yes",1179,1179
"S102","I06","new","maintain","yes",1182,1182
"S102","I07","new","break","yes",4109,4109
"S102","I08","old","maintain","no",579,579
"S102","I09","old","break","no",1128,1128
"S102","I10","new","maintain","no",1228,1228
"S102","I11","new","break","no",1789,1789
"S102","I12","old","maintain","yes",2207,2207
"S102","I13","old","break","yes",1997,1997
"S102","I14","new","maintain","yes",1099,1099
"S102","I15","new","break","yes",1311,1311
"S102","I16","old","maintain","no",1339,1339
"S102","I17","old","break","no",1364,1364
"S102","I18","new","maintain","no",1563,1563
"S102","I19","new","break","no",3299,3299
"S102","I20","old","maintain","yes",2710,2710
"S102","I21","old","break","yes",1348,1348
"S102","I22","new","maintain","yes",1022,1022
"S102","I23","new","break","yes",2766,2766
"S102","I25","old","break","no",1474,1474
"S102","I26","new","maintain","no",1357,1357
"S102","I27","new","break","no",1517,1517
"S102","I28","old","maintain","yes",1926,1926
"S102","I29","old","break","yes",2324,2324
"S102","I30","new","maintain","yes",1822,1822
"S102","I31","new","break","yes",1480,1480
"S102","I32","old","maintain","no",1180,1180
"S103","I01","new","maintain","yes",2628,2628
"S103","I02","new","break","yes",1853,1853
"S103","I03","old","maintain","no",1407,1407
"S103","I04","old","break","no",2514,2514
"S103","I05","new","maintain","no",1519,1519
"S103","I06","new","break","no",2404,2404
"S103","I07","old","maintain","yes",2848,2848
"S103","I08","old","break","yes",2962,2962
"S103","I09","new","maintain","yes",2389,2389
"S103","I10","new","break","yes",1869,1869
"S103","I11","old","maintain","no",1278,1278
"S103","I12","old","break","no",2868,2868
"S103","I13","new","maintain","no",1196,1196
"S103","I14","new","break","no",2171,2171
"S103","I15","old","maintain","yes",1591,1591
"S103","I16","old","break","yes",3983,3983
"S103","I17","new","maintain","yes",2426,2426
"S103","I18","new","break","yes",2223,2223
"S103","I19","old","maintain","no",1596,1596
"S103","I20","old","break","no",1348,1348
"S103","I21","new","maintain","no",1309,1309
"S103","I22","new","break","no",1623,1623
"S103","I23","old","maintain","yes",2706,2706
"S103","I24","old","break","yes",4281,4281
"S103","I25","new","maintain","yes",2075,2075
"S103","I26","new","break","yes",3179,3179
"S103","I27","old","maintain","no",1216,1216
"S103","I28","old","break","no",2286,2286
"S103","I29","new","maintain","no",1202,1202
"S103","I30","new","break","no",1581,1581
"S103","I31","old","maintain","yes",1601,1601
"S103","I32","old","break","yes",1941,1941
